Description,Price,Rating,ReviewCount,Url
"KTC 34 Inch Ultrawide Monitor, 165Hz WQHD 3440X1440 Curved Gaming Monitor, 1500R PC Monitor, HDR, FreeSync & G-Sync, HDMI, DisplayPort, VESA, Tilt Swivel Height Pivot Adjustment, H34S18S",$299.99,4.4 out of 5 stars,163,https://www.amazon.com/sspa/click?ie=UTF8&spc=MToxNDYxOTkzMzQzODY4ODA1OjE3MzU0MTIxMTQ6c3BfYXRmOjMwMDM3MzQyODYxNTEwMjo6MDo6&url=%2FKTC-Ultrawide-DisplayPort-Adjustment-H34S18S%2Fdp%2FB0CT4KKS7N%2Fref%3Dsr_1_1_sspa%3Fdib%3DeyJ2IjoiMSJ9.IUlGVSFI-jB-5udgjywFDtRmryiVNsO-qDi5Q8BQ5FlVcSrcKf-z39YLbSfmD4XH6Ip8zbHDu4uaLkWdrvAPwdhnFPE3NnCQC7wrTaT5Fw0Z5LW-vqt12T6HZTv2T0OiVn1F8EdvH_IRhdd-JAv1rzaHKBLeaFkLYNiCS8ILa4tngq62kmoBNQ-dw7q-nEUZFyRS4grT32VeI1ccFPBK0ysccS5SxqfNb5Ro2FJVbro.AAVDyZWLk3Qe7pDindSeLGCIpMtwnGy0jndPXgLpEeU%26dib_tag%3Dse%26keywords%3Dultrawide%2Bmonitor%26qid%3D1735412114%26sr%3D8-1-spons%26sp_csd%3Dd2lkZ2V0TmFtZT1zcF9hdGY%26psc%3D1
"KOORUI 34-inch Ultrawide Curved WQHD 3440×1440 Gaming Monitor, 165Hz 144Hz Curved 1000R- PIP/PBP, 1ms(MPRT) with DisplayHDR 400, DCI-P3 90% Color Gamut, FreeSync Premium, HDMI/DisplayPort, 34E6UC",$275.99,4.4 out of 5 stars,"11,423",https://www.amazon.com/sspa/click?ie=UTF8&spc=MToxNDYxOTkzMzQzODY4ODA1OjE3MzU0MTIxMTQ6c3BfYXRmOjMwMDQ3MTA2NTA5NTMwMjo6MDo6&url=%2FKOORUI-Ultrawide-Curved-Gaming-Monitor%2Fdp%2FB0C4P2KB9K%2Fref%3Dsr_1_2_sspa%3Fdib%3DeyJ2IjoiMSJ9.IUlGVSFI-jB-5udgjywFDtRmryiVNsO-qDi5Q8BQ5FlVcSrcKf-z39YLbSfmD4XH6Ip8zbHDu4uaLkWdrvAPwdhnFPE3NnCQC7wrTaT5Fw0Z5LW-vqt12T6HZTv2T0OiVn1F8EdvH_IRhdd-JAv1rzaHKBLeaFkLYNiCS8ILa4tngq62kmoBNQ-dw7q-nEUZFyRS4grT32VeI1ccFPBK0ysccS5SxqfNb5Ro2FJVbro.AAVDyZWLk3Qe7pDindSeLGCIpMtwnGy0jndPXgLpEeU%26dib_tag%3Dse%26keywords%3Dultrawide%2Bmonitor%26qid%3D1735412114%26sr%3D8-2-spons%26sp_csd%3Dd2lkZ2V0TmFtZT1zcF9hdGY%26psc%3D1
"ASUS TUF Gaming 34” Ultra-Wide Curved Monitor (VG34VQ3B) – 21:9 QHD (3440x1440), 180Hz, 1ms, Extreme Low Motion Blur Sync, FreeSync Premium, Speaker, 90% DCI-P3, DisplayWidget Center, 3 yr Warranty",$279.00,4.6 out of 5 stars,"3,606",https://www.amazon.com/ASUS-Gaming-Ultra-Wide-Monitor-VG34VQ3B/dp/B0CXS8J4Y5/ref=sr_1_3?dib=eyJ2IjoiMSJ9.IUlGVSFI-jB-5udgjywFDtRmryiVNsO-qDi5Q8BQ5FlVcSrcKf-z39YLbSfmD4XH6Ip8zbHDu4uaLkWdrvAPwdhnFPE3NnCQC7wrTaT5Fw0Z5LW-vqt12T6HZTv2T0OiVn1F8EdvH_IRhdd-JAv1rzaHKBLeaFkLYNiCS8ILa4tngq62kmoBNQ-dw7q-nEUZFyRS4grT32VeI1ccFPBK0ysccS5SxqfNb5Ro2FJVbro.AAVDyZWLk3Qe7pDindSeLGCIpMtwnGy0jndPXgLpEeU&dib_tag=se&keywords=ultrawide+monitor&qid=1735412114&sr=8-3
"Sceptre 34-Inch Curved Ultrawide WQHD Monitor 3440 x 1440 R1500 up to 165Hz DisplayPort x2 99% sRGB 1ms Picture by Picture, Machine Black 2023 (C345B-QUT168)",$217.97,4.4 out of 5 stars,"7,092",https://www.amazon.com/Sceptre-34-Inch-Ultrawide-DisplayPort-C345B-QUT168/dp/B0BTK1C533/ref=sr_1_4?dib=eyJ2IjoiMSJ9.IUlGVSFI-jB-5udgjywFDtRmryiVNsO-qDi5Q8BQ5FlVcSrcKf-z39YLbSfmD4XH6Ip8zbHDu4uaLkWdrvAPwdhnFPE3NnCQC7wrTaT5Fw0Z5LW-vqt12T6HZTv2T0OiVn1F8EdvH_IRhdd-JAv1rzaHKBLeaFkLYNiCS8ILa4tngq62kmoBNQ-dw7q-nEUZFyRS4grT32VeI1ccFPBK0ysccS5SxqfNb5Ro2FJVbro.AAVDyZWLk3Qe7pDindSeLGCIpMtwnGy0jndPXgLpEeU&dib_tag=se&keywords=ultrawide+monitor&qid=1735412114&sr=8-4
"SAMSUNG 34"" ViewFinity S50GC Series Ultra-WQHD Monitor, 100Hz, 5ms, HDR10, AMD FreeSync, Eye Care, Borderless Design, PIP, PBP, LS34C502GANXZA, 2023, Black",$219.99,4.3 out of 5 stars,"2,905",https://www.amazon.com/SAMSUNG-ViewFinity-Ultra-WQHD-Borderless-LS34C502GANXZA/dp/B0C1KPXPM9/ref=sr_1_5?dib=eyJ2IjoiMSJ9.IUlGVSFI-jB-5udgjywFDtRmryiVNsO-qDi5Q8BQ5FlVcSrcKf-z39YLbSfmD4XH6Ip8zbHDu4uaLkWdrvAPwdhnFPE3NnCQC7wrTaT5Fw0Z5LW-vqt12T6HZTv2T0OiVn1F8EdvH_IRhdd-JAv1rzaHKBLeaFkLYNiCS8ILa4tngq62kmoBNQ-dw7q-nEUZFyRS4grT32VeI1ccFPBK0ysccS5SxqfNb5Ro2FJVbro.AAVDyZWLk3Qe7pDindSeLGCIpMtwnGy0jndPXgLpEeU&dib_tag=se&keywords=ultrawide+monitor&qid=1735412114&sr=8-5
"LG 34WP60C-B 34-Inch 21:9 Curved UltraWide QHD (3440x1440) VA Display with sRGB 99% Color Gamut and HDR 10, AMD FreeSync Premium and 3-Side Virtually Borderless Screen Curved QHD Tilt,Black",$329.00,4.5 out of 5 stars,739,https://www.amazon.com/LG-34WP60C-B-34-Inch-UltraWide-Borderless/dp/B09XTNY742/ref=sr_1_6?dib=eyJ2IjoiMSJ9.IUlGVSFI-jB-5udgjywFDtRmryiVNsO-qDi5Q8BQ5FlVcSrcKf-z39YLbSfmD4XH6Ip8zbHDu4uaLkWdrvAPwdhnFPE3NnCQC7wrTaT5Fw0Z5LW-vqt12T6HZTv2T0OiVn1F8EdvH_IRhdd-JAv1rzaHKBLeaFkLYNiCS8ILa4tngq62kmoBNQ-dw7q-nEUZFyRS4grT32VeI1ccFPBK0ysccS5SxqfNb5Ro2FJVbro.AAVDyZWLk3Qe7pDindSeLGCIpMtwnGy0jndPXgLpEeU&dib_tag=se&keywords=ultrawide+monitor&qid=1735412114&sr=8-6
"34 Inch Ultrawide Curved 120Hz Gaming Computer Monitor 1500R PC screen 21:9 UWQHD (3440x1440) ,G-Sync,128%sRGB,178° Viewing Angle,HDMI、Display Port,Compatible with wall mounting 75×75MM- Black",$209.99,4.3 out of 5 stars,546,https://www.amazon.com/sspa/click?ie=UTF8&spc=MToxNDYxOTkzMzQzODY4ODA1OjE3MzU0MTIxMTQ6c3BfbXRmOjMwMDU5NTcwMjI5NTkwMjo6MDo6&url=%2FGawfolk-Ultrawide-Curved-Computer-Monitor%2Fdp%2FB0DHZTDHBC%2Fref%3Dsr_1_7_sspa%3Fdib%3DeyJ2IjoiMSJ9.IUlGVSFI-jB-5udgjywFDtRmryiVNsO-qDi5Q8BQ5FlVcSrcKf-z39YLbSfmD4XH6Ip8zbHDu4uaLkWdrvAPwdhnFPE3NnCQC7wrTaT5Fw0Z5LW-vqt12T6HZTv2T0OiVn1F8EdvH_IRhdd-JAv1rzaHKBLeaFkLYNiCS8ILa4tngq62kmoBNQ-dw7q-nEUZFyRS4grT32VeI1ccFPBK0ysccS5SxqfNb5Ro2FJVbro.AAVDyZWLk3Qe7pDindSeLGCIpMtwnGy0jndPXgLpEeU%26dib_tag%3Dse%26keywords%3Dultrawide%2Bmonitor%26qid%3D1735412114%26sr%3D8-7-spons%26sp_csd%3Dd2lkZ2V0TmFtZT1zcF9tdGY%26psc%3D1
"CRUA 34Inch Ultrawide Gaming Monitor, WQHD(3440 * 1440P) 144Hz/165Hz Curved Monitor,99% sRGB, Computer Monitor That Supports AMD Freesync, Wall Mountable Installs(HDMI, DP)-Black",$298.90,4.3 out of 5 stars,"2,665",https://www.amazon.com/CRUA-Curved-Monitor-Ultrawide-Computer/dp/B0CBRW8M6V/ref=sr_1_8?dib=eyJ2IjoiMSJ9.IUlGVSFI-jB-5udgjywFDtRmryiVNsO-qDi5Q8BQ5FlVcSrcKf-z39YLbSfmD4XH6Ip8zbHDu4uaLkWdrvAPwdhnFPE3NnCQC7wrTaT5Fw0Z5LW-vqt12T6HZTv2T0OiVn1F8EdvH_IRhdd-JAv1rzaHKBLeaFkLYNiCS8ILa4tngq62kmoBNQ-dw7q-nEUZFyRS4grT32VeI1ccFPBK0ysccS5SxqfNb5Ro2FJVbro.AAVDyZWLk3Qe7pDindSeLGCIpMtwnGy0jndPXgLpEeU&dib_tag=se&keywords=ultrawide+monitor&qid=1735412114&sr=8-8
"MSI Optix MAG342CQR 1500R Curvature 21:9 Aspect Ratio Narrow Bezel 1ms 3440 x 1440 (UWQHD) 144Hz Refresh Rate Tilt/Swivel/Height/Pivot Adjustment 34"" AMD Freesync Gaming Curved Monitor, Black",$259.99,4.4 out of 5 stars,"1,062",https://www.amazon.com/MSI-Optix-MAG342CQR-1500R-Curvature/dp/B08S8W3MMM/ref=sr_1_10?dib=eyJ2IjoiMSJ9.IUlGVSFI-jB-5udgjywFDtRmryiVNsO-qDi5Q8BQ5FlVcSrcKf-z39YLbSfmD4XH6Ip8zbHDu4uaLkWdrvAPwdhnFPE3NnCQC7wrTaT5Fw0Z5LW-vqt12T6HZTv2T0OiVn1F8EdvH_IRhdd-JAv1rzaHKBLeaFkLYNiCS8ILa4tngq62kmoBNQ-dw7q-nEUZFyRS4grT32VeI1ccFPBK0ysccS5SxqfNb5Ro2FJVbro.AAVDyZWLk3Qe7pDindSeLGCIpMtwnGy0jndPXgLpEeU&dib_tag=se&keywords=ultrawide+monitor&qid=1735412114&sr=8-10
"memzuoix 30 Inch Ultra Wide Curved Monitor 200Hz WFHD, 1800R Curved Gaming Monitor 2560x1080p, 1ms, 100% sRGB, FreeSync, HDMI DP Display, Dual Speakers, VESA, PC Monitor with Rainbow Lights, Black",$189.99,4.2 out of 5 stars,133,https://www.amazon.com/sspa/click?ie=UTF8&spc=MToxNDYxOTkzMzQzODY4ODA1OjE3MzU0MTIxMTQ6c3BfbXRmOjMwMDU2MTc5MzE5ODAwMjo6MDo6&url=%2Fmemzuoix-Monitor-2560x1080p-FreeSync-Speakers%2Fdp%2FB0DCN8BH38%2Fref%3Dsr_1_12_sspa%3Fdib%3DeyJ2IjoiMSJ9.IUlGVSFI-jB-5udgjywFDtRmryiVNsO-qDi5Q8BQ5FlVcSrcKf-z39YLbSfmD4XH6Ip8zbHDu4uaLkWdrvAPwdhnFPE3NnCQC7wrTaT5Fw0Z5LW-vqt12T6HZTv2T0OiVn1F8EdvH_IRhdd-JAv1rzaHKBLeaFkLYNiCS8ILa4tngq62kmoBNQ-dw7q-nEUZFyRS4grT32VeI1ccFPBK0ysccS5SxqfNb5Ro2FJVbro.AAVDyZWLk3Qe7pDindSeLGCIpMtwnGy0jndPXgLpEeU%26dib_tag%3Dse%26keywords%3Dultrawide%2Bmonitor%26qid%3D1735412114%26sr%3D8-12-spons%26sp_csd%3Dd2lkZ2V0TmFtZT1zcF9tdGY%26psc%3D1
"Sceptre 30-inch IPS Monitor 21:9 DisplayPort x2 up to 210Hz 1ms Ultra Wide/Slim Build-in Speakers, Machine Black 2024 (E305B-FU200T)",$166.55,4.5 out of 5 stars,"12,085",https://www.amazon.com/Sceptre-30-inch-IPS-Monitor-Build/dp/B0CV4HXHJ8/ref=sr_1_14?dib=eyJ2IjoiMSJ9.IUlGVSFI-jB-5udgjywFDtRmryiVNsO-qDi5Q8BQ5FlVcSrcKf-z39YLbSfmD4XH6Ip8zbHDu4uaLkWdrvAPwdhnFPE3NnCQC7wrTaT5Fw0Z5LW-vqt12T6HZTv2T0OiVn1F8EdvH_IRhdd-JAv1rzaHKBLeaFkLYNiCS8ILa4tngq62kmoBNQ-dw7q-nEUZFyRS4grT32VeI1ccFPBK0ysccS5SxqfNb5Ro2FJVbro.AAVDyZWLk3Qe7pDindSeLGCIpMtwnGy0jndPXgLpEeU&dib_tag=se&keywords=ultrawide+monitor&qid=1735412114&sr=8-14
"Samsung 34' Odyssey G5 Ultra-Wide Gaming Monitor with 1000R Curved Screen, 165Hz, 1ms, FreeSync Premium, Large Display, Eye Comfort, Multiple Ports, WQHD, LC34G55TWWNXZA, 2020, Black",$359.99,4.3 out of 5 stars,"2,540",https://www.amazon.com/SAMSUNG-34-Inch-Ultra-Wide-FreeSync-LC34G55TWWNXZA/dp/B08MVBYWGQ/ref=sr_1_15?dib=eyJ2IjoiMSJ9.IUlGVSFI-jB-5udgjywFDtRmryiVNsO-qDi5Q8BQ5FlVcSrcKf-z39YLbSfmD4XH6Ip8zbHDu4uaLkWdrvAPwdhnFPE3NnCQC7wrTaT5Fw0Z5LW-vqt12T6HZTv2T0OiVn1F8EdvH_IRhdd-JAv1rzaHKBLeaFkLYNiCS8ILa4tngq62kmoBNQ-dw7q-nEUZFyRS4grT32VeI1ccFPBK0ysccS5SxqfNb5Ro2FJVbro.AAVDyZWLk3Qe7pDindSeLGCIpMtwnGy0jndPXgLpEeU&dib_tag=se&keywords=ultrawide+monitor&qid=1735412114&sr=8-15
"LG 34SR60QC-W 34-inch QHD (3440x1440) Curved MyView Smart Monitor with Streaming, UltraWide Screen, webOS, HDR10, 100Hz, Built-in Speaker, AirPlay2, Screen Share, Bluetooth, ThinQ App, White",$323.77,5.0 out of 5 stars,5,https://www.amazon.com/LG-34SR60QC-W-3440x1440-Streaming-UltraWide/dp/B0DG119HM7/ref=sr_1_16?dib=eyJ2IjoiMSJ9.IUlGVSFI-jB-5udgjywFDtRmryiVNsO-qDi5Q8BQ5FlVcSrcKf-z39YLbSfmD4XH6Ip8zbHDu4uaLkWdrvAPwdhnFPE3NnCQC7wrTaT5Fw0Z5LW-vqt12T6HZTv2T0OiVn1F8EdvH_IRhdd-JAv1rzaHKBLeaFkLYNiCS8ILa4tngq62kmoBNQ-dw7q-nEUZFyRS4grT32VeI1ccFPBK0ysccS5SxqfNb5Ro2FJVbro.AAVDyZWLk3Qe7pDindSeLGCIpMtwnGy0jndPXgLpEeU&dib_tag=se&keywords=ultrawide+monitor&qid=1735412114&sr=8-16
"Ultrawide Monitor Mount with USB A/C, Ultrawide Monitor Arm with Extended Column for 17 to 49 inch Heavy Duty Monitor, Holds 44 lbs, Adjustable Gas Spring Monitor Arm Desk Moun, Black",$119.99,4.7 out of 5 stars,14,https://www.amazon.com/sspa/click?ie=UTF8&spc=MToxNDYxOTkzMzQzODY4ODA1OjE3MzU0MTIxMTQ6c3BfbXRmOjMwMDU5MTkzMDYwNTYwMjo6MDo6&url=%2FARES-WING-Ultrawide-Extended-Adjustable%2Fdp%2FB0DFH2GTZZ%2Fref%3Dsr_1_17_sspa%3Fdib%3DeyJ2IjoiMSJ9.IUlGVSFI-jB-5udgjywFDtRmryiVNsO-qDi5Q8BQ5FlVcSrcKf-z39YLbSfmD4XH6Ip8zbHDu4uaLkWdrvAPwdhnFPE3NnCQC7wrTaT5Fw0Z5LW-vqt12T6HZTv2T0OiVn1F8EdvH_IRhdd-JAv1rzaHKBLeaFkLYNiCS8ILa4tngq62kmoBNQ-dw7q-nEUZFyRS4grT32VeI1ccFPBK0ysccS5SxqfNb5Ro2FJVbro.AAVDyZWLk3Qe7pDindSeLGCIpMtwnGy0jndPXgLpEeU%26dib_tag%3Dse%26keywords%3Dultrawide%2Bmonitor%26qid%3D1735412114%26sr%3D8-17-spons%26sp_csd%3Dd2lkZ2V0TmFtZT1zcF9tdGY%26psc%3D1
"34 inch Curved Ultrawide Gaming Monitor UWQHD 3440 x 1440,165Hz Curved 1500R - PIP/PBP, 1ms(MPRT), FreeSync,HDR, 300nits, sRGB 99%, DCI-P3 95%,FreeSync,HDMI2.0 x2,DP1.4 x2,VESA（75 * 75mm）",$198.00,3.8 out of 5 stars,10,https://www.amazon.com/Sealan-Curved-Ultrawide-Gaming-Monitor/dp/B0DJQYNSST/ref=sr_1_19?dib=eyJ2IjoiMSJ9.IUlGVSFI-jB-5udgjywFDtRmryiVNsO-qDi5Q8BQ5FlVcSrcKf-z39YLbSfmD4XH6Ip8zbHDu4uaLkWdrvAPwdhnFPE3NnCQC7wrTaT5Fw0Z5LW-vqt12T6HZTv2T0OiVn1F8EdvH_IRhdd-JAv1rzaHKBLeaFkLYNiCS8ILa4tngq62kmoBNQ-dw7q-nEUZFyRS4grT32VeI1ccFPBK0ysccS5SxqfNb5Ro2FJVbro.AAVDyZWLk3Qe7pDindSeLGCIpMtwnGy0jndPXgLpEeU&dib_tag=se&keywords=ultrawide+monitor&qid=1735412114&sr=8-19
"LG UltraGear QHD 34-Inch Curved Gaming Monitor 34GP63A-B, VA with HDR 10 Compatibility and AMD FreeSync Premium, 160Hz, Black",$322.00,4.5 out of 5 stars,"1,493",https://www.amazon.com/LG-UltraGear-34GP63A-B-Compatibility-FreeSync/dp/B0B928B6BC/ref=sr_1_20?dib=eyJ2IjoiMSJ9.IUlGVSFI-jB-5udgjywFDtRmryiVNsO-qDi5Q8BQ5FlVcSrcKf-z39YLbSfmD4XH6Ip8zbHDu4uaLkWdrvAPwdhnFPE3NnCQC7wrTaT5Fw0Z5LW-vqt12T6HZTv2T0OiVn1F8EdvH_IRhdd-JAv1rzaHKBLeaFkLYNiCS8ILa4tngq62kmoBNQ-dw7q-nEUZFyRS4grT32VeI1ccFPBK0ysccS5SxqfNb5Ro2FJVbro.AAVDyZWLk3Qe7pDindSeLGCIpMtwnGy0jndPXgLpEeU&dib_tag=se&keywords=ultrawide+monitor&qid=1735412114&sr=8-20
"KOORUI 34-inch Ultrawide Curved WQHD 3440×1440 Gaming Monitor, 165Hz 144Hz Curved 1000R- PIP/PBP, 1ms(MPRT) with DisplayHDR 400, DCI-P3 90% Color Gamut, FreeSync Premium, HDMI/DisplayPort, 34E6UC",$275.99,4.4 out of 5 stars,"11,423",https://www.amazon.com/KOORUI-Ultrawide-Curved-Gaming-Monitor/dp/B0C4P2KB9K/ref=sr_1_21?dib=eyJ2IjoiMSJ9.IUlGVSFI-jB-5udgjywFDtRmryiVNsO-qDi5Q8BQ5FlVcSrcKf-z39YLbSfmD4XH6Ip8zbHDu4uaLkWdrvAPwdhnFPE3NnCQC7wrTaT5Fw0Z5LW-vqt12T6HZTv2T0OiVn1F8EdvH_IRhdd-JAv1rzaHKBLeaFkLYNiCS8ILa4tngq62kmoBNQ-dw7q-nEUZFyRS4grT32VeI1ccFPBK0ysccS5SxqfNb5Ro2FJVbro.AAVDyZWLk3Qe7pDindSeLGCIpMtwnGy0jndPXgLpEeU&dib_tag=se&keywords=ultrawide+monitor&qid=1735412114&sr=8-21
"Heavy-Duty Monitor Mount for 17-49 inches Ultrawide Curved Flat Monitors, Holds 44lbs,Ultrawide Monitor Arm with Extended Column, Adjustable Gas Spring, Monitor Stand for Desk, Black",$109.99,4.5 out of 5 stars,18,https://www.amazon.com/sspa/click?ie=UTF8&spc=MToxNDYxOTkzMzQzODY4ODA1OjE3MzU0MTIxMTQ6c3BfYnRmOjMwMDUwOTg1NTUyNzcwMjo6MDo6&url=%2FARES-WING-Heavy-Duty-Ultrawide-Adjustable%2Fdp%2FB0DFGZBP27%2Fref%3Dsr_1_22_sspa%3Fdib%3DeyJ2IjoiMSJ9.IUlGVSFI-jB-5udgjywFDtRmryiVNsO-qDi5Q8BQ5FlVcSrcKf-z39YLbSfmD4XH6Ip8zbHDu4uaLkWdrvAPwdhnFPE3NnCQC7wrTaT5Fw0Z5LW-vqt12T6HZTv2T0OiVn1F8EdvH_IRhdd-JAv1rzaHKBLeaFkLYNiCS8ILa4tngq62kmoBNQ-dw7q-nEUZFyRS4grT32VeI1ccFPBK0ysccS5SxqfNb5Ro2FJVbro.AAVDyZWLk3Qe7pDindSeLGCIpMtwnGy0jndPXgLpEeU%26dib_tag%3Dse%26keywords%3Dultrawide%2Bmonitor%26qid%3D1735412114%26sr%3D8-22-spons%26sp_csd%3Dd2lkZ2V0TmFtZT1zcF9idGY%26psc%3D1
"Ultrawide Monitor Mount with USB A/C, Ultrawide Monitor Arm with Extended Column for 17 to 49 inch Heavy Duty Monitor, Holds 44 lbs, Adjustable Gas Spring Monitor Arm Desk Moun, Black",$119.99,4.7 out of 5 stars,14,https://www.amazon.com/sspa/click?ie=UTF8&spc=MTo2MTE3MDQ4MjU2NDMxMToxNzM1NDEyMTIxOnNwX2F0Zl9uZXh0OjMwMDU5MTkzMDYwNTYwMjo6MDo6&url=%2FARES-WING-Ultrawide-Extended-Adjustable%2Fdp%2FB0DFH2GTZZ%2Fref%3Dsr_1_17_sspa%3Fdib%3DeyJ2IjoiMSJ9.voB7Dd4ydzO3cXJYJHynyTOfugr795KMWonLnbbspXwkgWy3ZgJ_o5nJcuDvwqDs23Pgu47oXLd1WGueCqVlZXL2h525YGxQ92dsYA2dQnXvHDsYFL0cg2wygkfi_BC4d7elfIJfK5P5KaeF9YQ6ZM9P260CvtW7F8vhz0ftyF4NXSF2aJlM6nVyQQQPhvcg6Qjmmt1OayN0pMM7Ut-Qrx3knIuWMzX0YkYyxOsU-ds.UZMPctgLuIym_yzcmR2gF3VWiQwkMpM1VcqY-MDQJes%26dib_tag%3Dse%26keywords%3Dultrawide%2Bmonitor%26qid%3D1735412121%26sr%3D8-17-spons%26sp_csd%3Dd2lkZ2V0TmFtZT1zcF9hdGZfbmV4dA%26psc%3D1
"KTC 34 Inch Ultrawide Monitor, 165Hz WQHD 3440X1440 Curved Gaming Monitor, 1500R PC Monitor, HDR, FreeSync & G-Sync, HDMI, DisplayPort, VESA, Tilt Swivel Height Pivot Adjustment, H34S18S",$299.99,4.4 out of 5 stars,163,https://www.amazon.com/sspa/click?ie=UTF8&spc=MTo2MTE3MDQ4MjU2NDMxMToxNzM1NDEyMTIxOnNwX2F0Zl9uZXh0OjMwMDM3MzQyODYxNTEwMjo6MDo6&url=%2FKTC-Ultrawide-DisplayPort-Adjustment-H34S18S%2Fdp%2FB0CT4KKS7N%2Fref%3Dsr_1_18_sspa%3Fdib%3DeyJ2IjoiMSJ9.voB7Dd4ydzO3cXJYJHynyTOfugr795KMWonLnbbspXwkgWy3ZgJ_o5nJcuDvwqDs23Pgu47oXLd1WGueCqVlZXL2h525YGxQ92dsYA2dQnXvHDsYFL0cg2wygkfi_BC4d7elfIJfK5P5KaeF9YQ6ZM9P260CvtW7F8vhz0ftyF4NXSF2aJlM6nVyQQQPhvcg6Qjmmt1OayN0pMM7Ut-Qrx3knIuWMzX0YkYyxOsU-ds.UZMPctgLuIym_yzcmR2gF3VWiQwkMpM1VcqY-MDQJes%26dib_tag%3Dse%26keywords%3Dultrawide%2Bmonitor%26qid%3D1735412121%26sr%3D8-18-spons%26sp_csd%3Dd2lkZ2V0TmFtZT1zcF9hdGZfbmV4dA%26psc%3D1
"LG UltraWide QHD 34-Inch Curved Computer Monitor 34WQ73A-B, IPS with HDR 10 Compatibility, Built-In-KVM, and USB Type-C, Black",$399.99,4.4 out of 5 stars,"4,320",https://www.amazon.com/LG-UltraWide-Computer-34WQ73A-B-Compatibility/dp/B0B924GWLJ/ref=sr_1_19?dib=eyJ2IjoiMSJ9.voB7Dd4ydzO3cXJYJHynyTOfugr795KMWonLnbbspXwkgWy3ZgJ_o5nJcuDvwqDs23Pgu47oXLd1WGueCqVlZXL2h525YGxQ92dsYA2dQnXvHDsYFL0cg2wygkfi_BC4d7elfIJfK5P5KaeF9YQ6ZM9P260CvtW7F8vhz0ftyF4NXSF2aJlM6nVyQQQPhvcg6Qjmmt1OayN0pMM7Ut-Qrx3knIuWMzX0YkYyxOsU-ds.UZMPctgLuIym_yzcmR2gF3VWiQwkMpM1VcqY-MDQJes&dib_tag=se&keywords=ultrawide+monitor&qid=1735412121&sr=8-19
LG 34WN650-W UltraWide Monitor 34-Inch 21:9 FHD (2560 x 1080) IPS Display VESA DisplayHDR 400 AMD FreeSync 3-Side Virtually Borderless Design - Silver,$299.99,4.6 out of 5 stars,971,https://www.amazon.com/LG-34WN650-W-34-Inch-UltraWide-DisplayHDR/dp/B087JB656Q/ref=sr_1_20?dib=eyJ2IjoiMSJ9.voB7Dd4ydzO3cXJYJHynyTOfugr795KMWonLnbbspXwkgWy3ZgJ_o5nJcuDvwqDs23Pgu47oXLd1WGueCqVlZXL2h525YGxQ92dsYA2dQnXvHDsYFL0cg2wygkfi_BC4d7elfIJfK5P5KaeF9YQ6ZM9P260CvtW7F8vhz0ftyF4NXSF2aJlM6nVyQQQPhvcg6Qjmmt1OayN0pMM7Ut-Qrx3knIuWMzX0YkYyxOsU-ds.UZMPctgLuIym_yzcmR2gF3VWiQwkMpM1VcqY-MDQJes&dib_tag=se&keywords=ultrawide+monitor&qid=1735412121&sr=8-20
"LG UltraWide WFHD 29-Inch FHD 1080p Computer Monitor 29WN600-W, IPS with HDR 10 Compatibility, Silver",$199.99,4.5 out of 5 stars,"4,874",https://www.amazon.com/LG-29WN600-W-29-21-UltraWide/dp/B0876DBCBX/ref=sr_1_21?dib=eyJ2IjoiMSJ9.voB7Dd4ydzO3cXJYJHynyTOfugr795KMWonLnbbspXwkgWy3ZgJ_o5nJcuDvwqDs23Pgu47oXLd1WGueCqVlZXL2h525YGxQ92dsYA2dQnXvHDsYFL0cg2wygkfi_BC4d7elfIJfK5P5KaeF9YQ6ZM9P260CvtW7F8vhz0ftyF4NXSF2aJlM6nVyQQQPhvcg6Qjmmt1OayN0pMM7Ut-Qrx3knIuWMzX0YkYyxOsU-ds.UZMPctgLuIym_yzcmR2gF3VWiQwkMpM1VcqY-MDQJes&dib_tag=se&keywords=ultrawide+monitor&qid=1735412121&sr=8-21
"34 inch Ultrawide Gaming Monitor, 21:9, 3440x1440p 100Hz 1ms(MPRT), HDR, 400nits, sRGB100%, FreeSync, HDMI2.0 x2, DP1.4 x2, Eye Care, Wall Mountable Installs",$199.99,4.3 out of 5 stars,4,https://www.amazon.com/ZER-LON-inch-Ultrawide-Gaming-Monitor/dp/B0D9GJ8ST1/ref=sr_1_22?dib=eyJ2IjoiMSJ9.voB7Dd4ydzO3cXJYJHynyTOfugr795KMWonLnbbspXwkgWy3ZgJ_o5nJcuDvwqDs23Pgu47oXLd1WGueCqVlZXL2h525YGxQ92dsYA2dQnXvHDsYFL0cg2wygkfi_BC4d7elfIJfK5P5KaeF9YQ6ZM9P260CvtW7F8vhz0ftyF4NXSF2aJlM6nVyQQQPhvcg6Qjmmt1OayN0pMM7Ut-Qrx3knIuWMzX0YkYyxOsU-ds.UZMPctgLuIym_yzcmR2gF3VWiQwkMpM1VcqY-MDQJes&dib_tag=se&keywords=ultrawide+monitor&qid=1735412121&sr=8-22
Deco Gear 35-Inch Curved Ultrawide Gaming Monitor | 3440 x 1440 | 120Hz | 1ms MPRT | Adaptive Sync | HDMI 2.0 x2 | DisplayPort 1.4 x2 | 99% sRGB,$239.99,4.3 out of 5 stars,"1,686",https://www.amazon.com/Deco-Gear-Ultrawide-Monitor-3440x1440/dp/B0BCTZJ38R/ref=sr_1_24?dib=eyJ2IjoiMSJ9.voB7Dd4ydzO3cXJYJHynyTOfugr795KMWonLnbbspXwkgWy3ZgJ_o5nJcuDvwqDs23Pgu47oXLd1WGueCqVlZXL2h525YGxQ92dsYA2dQnXvHDsYFL0cg2wygkfi_BC4d7elfIJfK5P5KaeF9YQ6ZM9P260CvtW7F8vhz0ftyF4NXSF2aJlM6nVyQQQPhvcg6Qjmmt1OayN0pMM7Ut-Qrx3knIuWMzX0YkYyxOsU-ds.UZMPctgLuIym_yzcmR2gF3VWiQwkMpM1VcqY-MDQJes&dib_tag=se&keywords=ultrawide+monitor&qid=1735412121&sr=8-24
"SAMSUNG Viewfinity S65UA Series 34-Inch Ultrawide QHD Curved Monitor, 100Hz, USB-C, HDR10 (1 Billion Colors), Height Adjustable Stand, TUV-certified Intelligent Eye Care (LS34A654UBNXGO),Black",$399.99,4.1 out of 5 stars,385,https://www.amazon.com/SAMSUNG-Viewfinity-TUV-Certified-Intelligent-LS34A654UBNXGO/dp/B0BLT79X2G/ref=sr_1_25?dib=eyJ2IjoiMSJ9.voB7Dd4ydzO3cXJYJHynyTOfugr795KMWonLnbbspXwkgWy3ZgJ_o5nJcuDvwqDs23Pgu47oXLd1WGueCqVlZXL2h525YGxQ92dsYA2dQnXvHDsYFL0cg2wygkfi_BC4d7elfIJfK5P5KaeF9YQ6ZM9P260CvtW7F8vhz0ftyF4NXSF2aJlM6nVyQQQPhvcg6Qjmmt1OayN0pMM7Ut-Qrx3knIuWMzX0YkYyxOsU-ds.UZMPctgLuIym_yzcmR2gF3VWiQwkMpM1VcqY-MDQJes&dib_tag=se&keywords=ultrawide+monitor&qid=1735412121&sr=8-25
"ASUS ROG Swift 39” Ultrawide 800R Curved OLED Gaming Monitor (PG39WCDM) - 21:9 (3440x1440), 240Hz, 0.03ms, G-SYNC Compatible, Custom Heatsink, Smart KVM, 90W USB-C, DisplayWidget, 3 yr Warranty",$999.99,3.8 out of 5 stars,10,https://www.amazon.com/ASUS-Ultrawide-Curved-Monitor-PG39WCDM/dp/B0CV218YMX/ref=sr_1_26?dib=eyJ2IjoiMSJ9.voB7Dd4ydzO3cXJYJHynyTOfugr795KMWonLnbbspXwkgWy3ZgJ_o5nJcuDvwqDs23Pgu47oXLd1WGueCqVlZXL2h525YGxQ92dsYA2dQnXvHDsYFL0cg2wygkfi_BC4d7elfIJfK5P5KaeF9YQ6ZM9P260CvtW7F8vhz0ftyF4NXSF2aJlM6nVyQQQPhvcg6Qjmmt1OayN0pMM7Ut-Qrx3knIuWMzX0YkYyxOsU-ds.UZMPctgLuIym_yzcmR2gF3VWiQwkMpM1VcqY-MDQJes&dib_tag=se&keywords=ultrawide+monitor&qid=1735412121&sr=8-26
"memzuoix 30 Inch Ultra Wide Curved Monitor 200Hz WFHD, 1800R Curved Gaming Monitor 2560x1080p, 1ms, 100% sRGB, FreeSync, HDMI DP Display, Dual Speakers, VESA, PC Monitor with Rainbow Lights, Black",$189.99,4.2 out of 5 stars,133,https://www.amazon.com/sspa/click?ie=UTF8&spc=MTo2MTE3MDQ4MjU2NDMxMToxNzM1NDEyMTIxOnNwX210ZjozMDA1NjE3OTMxOTgwMDI6OjA6Og&url=%2Fmemzuoix-Monitor-2560x1080p-FreeSync-Speakers%2Fdp%2FB0DCN8BH38%2Fref%3Dsr_1_27_sspa%3Fdib%3DeyJ2IjoiMSJ9.voB7Dd4ydzO3cXJYJHynyTOfugr795KMWonLnbbspXwkgWy3ZgJ_o5nJcuDvwqDs23Pgu47oXLd1WGueCqVlZXL2h525YGxQ92dsYA2dQnXvHDsYFL0cg2wygkfi_BC4d7elfIJfK5P5KaeF9YQ6ZM9P260CvtW7F8vhz0ftyF4NXSF2aJlM6nVyQQQPhvcg6Qjmmt1OayN0pMM7Ut-Qrx3knIuWMzX0YkYyxOsU-ds.UZMPctgLuIym_yzcmR2gF3VWiQwkMpM1VcqY-MDQJes%26dib_tag%3Dse%26keywords%3Dultrawide%2Bmonitor%26qid%3D1735412121%26sr%3D8-27-spons%26sp_csd%3Dd2lkZ2V0TmFtZT1zcF9tdGY%26psc%3D1
"34 Inch Ultrawide Curved 120Hz Gaming Computer Monitor 1500R PC screen 21:9 UWQHD (3440x1440) ,G-Sync,128%sRGB,178° Viewing Angle,HDMI、Display Port,Compatible with wall mounting 75×75MM- Black",$209.99,4.3 out of 5 stars,546,https://www.amazon.com/sspa/click?ie=UTF8&spc=MTo2MTE3MDQ4MjU2NDMxMToxNzM1NDEyMTIxOnNwX210ZjozMDA1OTU3MDIyOTU5MDI6OjA6Og&url=%2FGawfolk-Ultrawide-Curved-Computer-Monitor%2Fdp%2FB0DHZTDHBC%2Fref%3Dsr_1_28_sspa%3Fdib%3DeyJ2IjoiMSJ9.voB7Dd4ydzO3cXJYJHynyTOfugr795KMWonLnbbspXwkgWy3ZgJ_o5nJcuDvwqDs23Pgu47oXLd1WGueCqVlZXL2h525YGxQ92dsYA2dQnXvHDsYFL0cg2wygkfi_BC4d7elfIJfK5P5KaeF9YQ6ZM9P260CvtW7F8vhz0ftyF4NXSF2aJlM6nVyQQQPhvcg6Qjmmt1OayN0pMM7Ut-Qrx3knIuWMzX0YkYyxOsU-ds.UZMPctgLuIym_yzcmR2gF3VWiQwkMpM1VcqY-MDQJes%26dib_tag%3Dse%26keywords%3Dultrawide%2Bmonitor%26qid%3D1735412121%26sr%3D8-28-spons%26sp_csd%3Dd2lkZ2V0TmFtZT1zcF9tdGY%26psc%3D1
"CRUA 30-inch Gaming Monitor 200HZ, 21:9 WFHD(2560X1080P) Ultrawide Computer Monitor, IPS Screen,100% sRGB, PIP/PBP, HDMI 2.0 & Displayport 1.4,Support FreeSync,Wall Mountable/Tilt Adjustable- Black",$169.99,4.3 out of 5 stars,775,https://www.amazon.com/CRUA-30-inch-Gaming-Monitor-200HZ/dp/B0D9B5T1TT/ref=sr_1_29?dib=eyJ2IjoiMSJ9.voB7Dd4ydzO3cXJYJHynyTOfugr795KMWonLnbbspXwkgWy3ZgJ_o5nJcuDvwqDs23Pgu47oXLd1WGueCqVlZXL2h525YGxQ92dsYA2dQnXvHDsYFL0cg2wygkfi_BC4d7elfIJfK5P5KaeF9YQ6ZM9P260CvtW7F8vhz0ftyF4NXSF2aJlM6nVyQQQPhvcg6Qjmmt1OayN0pMM7Ut-Qrx3knIuWMzX0YkYyxOsU-ds.UZMPctgLuIym_yzcmR2gF3VWiQwkMpM1VcqY-MDQJes&dib_tag=se&keywords=ultrawide+monitor&qid=1735412121&sr=8-29
"LG 29WP60G-B UltraWide Monitor 29"" 21:9 FHD (2560 x 1080) IPS Display, sRGB 99% Color Gamut, HDR 10, USB Type-C Connectivity, 3-Side Virtually Borderless Display - Black",$199.99,4.4 out of 5 stars,"1,056",https://www.amazon.com/LG-29WP60G-B-Inch-Connectivity-Borderless/dp/B08V86LGBS/ref=sr_1_30?dib=eyJ2IjoiMSJ9.voB7Dd4ydzO3cXJYJHynyTOfugr795KMWonLnbbspXwkgWy3ZgJ_o5nJcuDvwqDs23Pgu47oXLd1WGueCqVlZXL2h525YGxQ92dsYA2dQnXvHDsYFL0cg2wygkfi_BC4d7elfIJfK5P5KaeF9YQ6ZM9P260CvtW7F8vhz0ftyF4NXSF2aJlM6nVyQQQPhvcg6Qjmmt1OayN0pMM7Ut-Qrx3knIuWMzX0YkYyxOsU-ds.UZMPctgLuIym_yzcmR2gF3VWiQwkMpM1VcqY-MDQJes&dib_tag=se&keywords=ultrawide+monitor&qid=1735412121&sr=8-30
"MSI Pro MP341CQ, 34"" Monitor, 3440 x 1440(UWQHD) VA, 100Hz, TUV Certified Eyesight Protection, 4ms, Displayport, HDMI, Tilt, Black",$245.99,4.1 out of 5 stars,33,https://www.amazon.com/MSI-Pro-MP341CQ-Protection-Displayport/dp/B0BX2G4J7X/ref=sr_1_31?dib=eyJ2IjoiMSJ9.voB7Dd4ydzO3cXJYJHynyTOfugr795KMWonLnbbspXwkgWy3ZgJ_o5nJcuDvwqDs23Pgu47oXLd1WGueCqVlZXL2h525YGxQ92dsYA2dQnXvHDsYFL0cg2wygkfi_BC4d7elfIJfK5P5KaeF9YQ6ZM9P260CvtW7F8vhz0ftyF4NXSF2aJlM6nVyQQQPhvcg6Qjmmt1OayN0pMM7Ut-Qrx3knIuWMzX0YkYyxOsU-ds.UZMPctgLuIym_yzcmR2gF3VWiQwkMpM1VcqY-MDQJes&dib_tag=se&keywords=ultrawide+monitor&qid=1735412121&sr=8-31
"PHILIPS 34E1C5600HE 34"" UltraWide QHD 21:9 Monitor with Built-in Windows Hello Webcam & Noise Canceling Mic, USB-C Docking, Stereo Speakers, 100Hz, 4-Year Advance Replacement",$370.43,4.4 out of 5 stars,"5,006",https://www.amazon.com/PHILIPS-34E1C5600HE-UltraWide-QHD-Built/dp/B0BQQ7H8TZ/ref=sr_1_32?dib=eyJ2IjoiMSJ9.voB7Dd4ydzO3cXJYJHynyTOfugr795KMWonLnbbspXwkgWy3ZgJ_o5nJcuDvwqDs23Pgu47oXLd1WGueCqVlZXL2h525YGxQ92dsYA2dQnXvHDsYFL0cg2wygkfi_BC4d7elfIJfK5P5KaeF9YQ6ZM9P260CvtW7F8vhz0ftyF4NXSF2aJlM6nVyQQQPhvcg6Qjmmt1OayN0pMM7Ut-Qrx3knIuWMzX0YkYyxOsU-ds.UZMPctgLuIym_yzcmR2gF3VWiQwkMpM1VcqY-MDQJes&dib_tag=se&keywords=ultrawide+monitor&qid=1735412121&sr=8-32
"ASUS TUF Gaming 34” 1440P 1500R Curved Monitor (VG34VQL3A) - QHD (3440 x 1440), 180Hz, 1ms, Extreme Low Motion Blur, Freesync Premium Pro, 125% sRGB, DisplayHDR 400, Height Adjustable, 3 year warranty",$363.63,4.5 out of 5 stars,"8,404",https://www.amazon.com/ASUS-Gaming-Curved-Monitor-VG34VQL3A/dp/B0C7BBG2QB/ref=sr_1_33?dib=eyJ2IjoiMSJ9.voB7Dd4ydzO3cXJYJHynyTOfugr795KMWonLnbbspXwkgWy3ZgJ_o5nJcuDvwqDs23Pgu47oXLd1WGueCqVlZXL2h525YGxQ92dsYA2dQnXvHDsYFL0cg2wygkfi_BC4d7elfIJfK5P5KaeF9YQ6ZM9P260CvtW7F8vhz0ftyF4NXSF2aJlM6nVyQQQPhvcg6Qjmmt1OayN0pMM7Ut-Qrx3knIuWMzX0YkYyxOsU-ds.UZMPctgLuIym_yzcmR2gF3VWiQwkMpM1VcqY-MDQJes&dib_tag=se&keywords=ultrawide+monitor&qid=1735412121&sr=8-33
"Single Arm Monitor Mount for 17-45 inches Monitors,Holds 35.2lbs,Heavy Duty Monitor arm with 20 RGB Lighting Effects,Ultrawide Monitor Arm for Curved Flat Monitors, Gray",$109.99,4.4 out of 5 stars,15,https://www.amazon.com/sspa/click?ie=UTF8&spc=MTo2MTE3MDQ4MjU2NDMxMToxNzM1NDEyMTIxOnNwX2J0ZjozMDA1ODIzOTEyNDQyMDI6OjA6Og&url=%2FARES-WING-Monitors-Lighting-Ultrawide%2Fdp%2FB0DHS35B8X%2Fref%3Dsr_1_37_sspa%3Fdib%3DeyJ2IjoiMSJ9.voB7Dd4ydzO3cXJYJHynyTOfugr795KMWonLnbbspXwkgWy3ZgJ_o5nJcuDvwqDs23Pgu47oXLd1WGueCqVlZXL2h525YGxQ92dsYA2dQnXvHDsYFL0cg2wygkfi_BC4d7elfIJfK5P5KaeF9YQ6ZM9P260CvtW7F8vhz0ftyF4NXSF2aJlM6nVyQQQPhvcg6Qjmmt1OayN0pMM7Ut-Qrx3knIuWMzX0YkYyxOsU-ds.UZMPctgLuIym_yzcmR2gF3VWiQwkMpM1VcqY-MDQJes%26dib_tag%3Dse%26keywords%3Dultrawide%2Bmonitor%26qid%3D1735412121%26sr%3D8-37-spons%26sp_csd%3Dd2lkZ2V0TmFtZT1zcF9idGY%26psc%3D1
"Heavy-Duty Monitor Mount for 17-49 inches Ultrawide Curved Flat Monitors, Holds 44lbs,Ultrawide Monitor Arm with Extended Column, Adjustable Gas Spring, Monitor Stand for Desk, Black",$109.99,4.5 out of 5 stars,18,https://www.amazon.com/sspa/click?ie=UTF8&spc=MTo2MTE3MDQ4MjU2NDMxMToxNzM1NDEyMTIxOnNwX2J0ZjozMDA1MDk4NTU1Mjc3MDI6OjA6Og&url=%2FARES-WING-Heavy-Duty-Ultrawide-Adjustable%2Fdp%2FB0DFGZBP27%2Fref%3Dsr_1_38_sspa%3Fdib%3DeyJ2IjoiMSJ9.voB7Dd4ydzO3cXJYJHynyTOfugr795KMWonLnbbspXwkgWy3ZgJ_o5nJcuDvwqDs23Pgu47oXLd1WGueCqVlZXL2h525YGxQ92dsYA2dQnXvHDsYFL0cg2wygkfi_BC4d7elfIJfK5P5KaeF9YQ6ZM9P260CvtW7F8vhz0ftyF4NXSF2aJlM6nVyQQQPhvcg6Qjmmt1OayN0pMM7Ut-Qrx3knIuWMzX0YkYyxOsU-ds.UZMPctgLuIym_yzcmR2gF3VWiQwkMpM1VcqY-MDQJes%26dib_tag%3Dse%26keywords%3Dultrawide%2Bmonitor%26qid%3D1735412121%26sr%3D8-38-spons%26sp_csd%3Dd2lkZ2V0TmFtZT1zcF9idGY%26psc%3D1
"Packard Bell AirFrame 24 "" FHD Monitor, 1920x1080, Ultrawide, VESA Mount Compatible, Tilt Adjustment, HDMI/VGA, Slim Bezel, for Home, Office, and Light Gaming",$89.99,4.3 out of 5 stars,"1,821",https://www.amazon.com/sspa/click?ie=UTF8&spc=MTo0NTMxNjgyMjY4MjA4NDoxNzM1NDEyMTI2OnNwX2F0Zl9uZXh0OjMwMDI5NzgxODY3NjYwMjo6MDo6&url=%2FPackard-Bell-AirFrame-Ultra-Slim-Adjustment%2Fdp%2FB08PDP4PRL%2Fref%3Dsr_1_33_sspa%3Fdib%3DeyJ2IjoiMSJ9.-eR4Rdun4Yj3C3B_uqpFMcV5SpbdKT2j3Z1lhtHZ-JQtcOButZEzDI8L_M-NH62SHv8VMnaJjz2UJ4HZwMaWMJ8le4VaeDGYXIjOeYuJtP2c7QxaydrK5URWeiKdgHQohi_wYBx7_3qXbiuSepwrP_sDKYWfCR_R60mDf5nCTZpNrpHjo9EQyydtHtmJCHJuvAfsFBk-WUKOjknsVUgcHXsoyAcjd_PMitnFwLAlxjk.o-tMQe3hnLozxXwD1J8PHWR96ryuBU10Sg7O3bexfkw%26dib_tag%3Dse%26keywords%3Dultrawide%2Bmonitor%26qid%3D1735412126%26sr%3D8-33-spons%26sp_csd%3Dd2lkZ2V0TmFtZT1zcF9hdGZfbmV4dA%26psc%3D1
"Wall Mount Monitor Arm for 17-49 Inch Ultrawide Monitors, Heavy Duty Single Monitor Mount Holds 44 lbs, Fully Adjustable Gas Spring Monitor Arm Wall Mount, 75x75/100x100 VESA Mount, White",$99.99,4.7 out of 5 stars,57,https://www.amazon.com/sspa/click?ie=UTF8&spc=MTo0NTMxNjgyMjY4MjA4NDoxNzM1NDEyMTI2OnNwX2F0Zl9uZXh0OjMwMDU1NDMzODA3MjcwMjo6MDo6&url=%2FARES-WING-Ultrawide-Monitors-Adjustable%2Fdp%2FB0D2JX5PS6%2Fref%3Dsr_1_34_sspa%3Fdib%3DeyJ2IjoiMSJ9.-eR4Rdun4Yj3C3B_uqpFMcV5SpbdKT2j3Z1lhtHZ-JQtcOButZEzDI8L_M-NH62SHv8VMnaJjz2UJ4HZwMaWMJ8le4VaeDGYXIjOeYuJtP2c7QxaydrK5URWeiKdgHQohi_wYBx7_3qXbiuSepwrP_sDKYWfCR_R60mDf5nCTZpNrpHjo9EQyydtHtmJCHJuvAfsFBk-WUKOjknsVUgcHXsoyAcjd_PMitnFwLAlxjk.o-tMQe3hnLozxXwD1J8PHWR96ryuBU10Sg7O3bexfkw%26dib_tag%3Dse%26keywords%3Dultrawide%2Bmonitor%26qid%3D1735412126%26sr%3D8-34-spons%26sp_csd%3Dd2lkZ2V0TmFtZT1zcF9hdGZfbmV4dA%26psc%3D1
"MSI MAG341CQP QD-OLED, 34 Curved OLED Gaming Monitor, 3440 x 1440 (UWQHD), OLED 0.03ms Response time, 175Hz, True Black HDR 400, HDMI, DP Port, USB Type C, Tilt, Height,Black",$599.99,4.1 out of 5 stars,70,https://www.amazon.com/MSI-MAG341CQP-QD-OLED-Monitor-Response/dp/B0CTRXPJMC/ref=sr_1_36?dib=eyJ2IjoiMSJ9.-eR4Rdun4Yj3C3B_uqpFMcV5SpbdKT2j3Z1lhtHZ-JQtcOButZEzDI8L_M-NH62SHv8VMnaJjz2UJ4HZwMaWMJ8le4VaeDGYXIjOeYuJtP2c7QxaydrK5URWeiKdgHQohi_wYBx7_3qXbiuSepwrP_sDKYWfCR_R60mDf5nCTZpNrpHjo9EQyydtHtmJCHJuvAfsFBk-WUKOjknsVUgcHXsoyAcjd_PMitnFwLAlxjk.o-tMQe3hnLozxXwD1J8PHWR96ryuBU10Sg7O3bexfkw&dib_tag=se&keywords=ultrawide+monitor&qid=1735412126&sr=8-36
LG 32MR50C-B Curved Monitor 32-Inch FHD 100Hz AMD FreeSync OnScreen Control Dynamic Action Sync Black Stabilizer Tilt Stand (HDMI) - Black,$149.99,4.6 out of 5 stars,343,https://www.amazon.com/LG-32MR50C-B-FreeSync-OnScreen-Stabilizer/dp/B0CMC2FZFD/ref=sr_1_37?dib=eyJ2IjoiMSJ9.-eR4Rdun4Yj3C3B_uqpFMcV5SpbdKT2j3Z1lhtHZ-JQtcOButZEzDI8L_M-NH62SHv8VMnaJjz2UJ4HZwMaWMJ8le4VaeDGYXIjOeYuJtP2c7QxaydrK5URWeiKdgHQohi_wYBx7_3qXbiuSepwrP_sDKYWfCR_R60mDf5nCTZpNrpHjo9EQyydtHtmJCHJuvAfsFBk-WUKOjknsVUgcHXsoyAcjd_PMitnFwLAlxjk.o-tMQe3hnLozxXwD1J8PHWR96ryuBU10Sg7O3bexfkw&dib_tag=se&keywords=ultrawide+monitor&qid=1735412126&sr=8-37
"AOC CU34G3S 34"" Frameless Curved Ultrawide Gaming Monitor, WQHD 3440 x1440, 165Hz 1ms, FreeSync Premium, Height Adjustable, 3-Year Zero-Bright-dot, Black",$342.88,4.6 out of 5 stars,"20,464",https://www.amazon.com/AOC-CU34G3S-Frameless-Adjustable-Zero-Bright-dot/dp/B09ZNQX51B/ref=sr_1_42?dib=eyJ2IjoiMSJ9.-eR4Rdun4Yj3C3B_uqpFMcV5SpbdKT2j3Z1lhtHZ-JQtcOButZEzDI8L_M-NH62SHv8VMnaJjz2UJ4HZwMaWMJ8le4VaeDGYXIjOeYuJtP2c7QxaydrK5URWeiKdgHQohi_wYBx7_3qXbiuSepwrP_sDKYWfCR_R60mDf5nCTZpNrpHjo9EQyydtHtmJCHJuvAfsFBk-WUKOjknsVUgcHXsoyAcjd_PMitnFwLAlxjk.o-tMQe3hnLozxXwD1J8PHWR96ryuBU10Sg7O3bexfkw&dib_tag=se&keywords=ultrawide+monitor&qid=1735412126&sr=8-42
"34 Inch Ultrawide Curved 120Hz Gaming Computer Monitor 1500R PC Screen 21:9 UWQHD (3440x1440),Freesync,178° Viewing Angle,HDMI、Display Port,Compatible with Wall mounting 75×75MM- Black",$199.99,4.3 out of 5 stars,186,https://www.amazon.com/sspa/click?ie=UTF8&spc=MTo0NTMxNjgyMjY4MjA4NDoxNzM1NDEyMTI2OnNwX210ZjozMDA1MTIxMDU4NTU5MDI6OjA6Og&url=%2FGawfolk-Ultrawide-Curved-Computer-Monitor%2Fdp%2FB0DFGSYJ95%2Fref%3Dsr_1_43_sspa%3Fdib%3DeyJ2IjoiMSJ9.-eR4Rdun4Yj3C3B_uqpFMcV5SpbdKT2j3Z1lhtHZ-JQtcOButZEzDI8L_M-NH62SHv8VMnaJjz2UJ4HZwMaWMJ8le4VaeDGYXIjOeYuJtP2c7QxaydrK5URWeiKdgHQohi_wYBx7_3qXbiuSepwrP_sDKYWfCR_R60mDf5nCTZpNrpHjo9EQyydtHtmJCHJuvAfsFBk-WUKOjknsVUgcHXsoyAcjd_PMitnFwLAlxjk.o-tMQe3hnLozxXwD1J8PHWR96ryuBU10Sg7O3bexfkw%26dib_tag%3Dse%26keywords%3Dultrawide%2Bmonitor%26qid%3D1735412126%26sr%3D8-43-spons%26sp_csd%3Dd2lkZ2V0TmFtZT1zcF9tdGY%26psc%3D1
"INNOCN 29C1F-D 29"" Ultrawide Monitor USB Type C 21:9 IPS Display WFHD 2560 x 1080P 350Nits 99% sRGB DP HDMI Computer Monitor, 75Hz, Split Screen, Height/Pivot Adjustable, Wall Mountable",$239.99,4.1 out of 5 stars,745,https://www.amazon.com/sspa/click?ie=UTF8&spc=MTo0NTMxNjgyMjY4MjA4NDoxNzM1NDEyMTI2OnNwX210ZjozMDAwODI5NjMwNDUwMDI6OjA6Og&url=%2FINNOCN-Ultrawide-Monitor-USB-Type%2Fdp%2FB0B5ZNVXTS%2Fref%3Dsr_1_44_sspa%3Fdib%3DeyJ2IjoiMSJ9.-eR4Rdun4Yj3C3B_uqpFMcV5SpbdKT2j3Z1lhtHZ-JQtcOButZEzDI8L_M-NH62SHv8VMnaJjz2UJ4HZwMaWMJ8le4VaeDGYXIjOeYuJtP2c7QxaydrK5URWeiKdgHQohi_wYBx7_3qXbiuSepwrP_sDKYWfCR_R60mDf5nCTZpNrpHjo9EQyydtHtmJCHJuvAfsFBk-WUKOjknsVUgcHXsoyAcjd_PMitnFwLAlxjk.o-tMQe3hnLozxXwD1J8PHWR96ryuBU10Sg7O3bexfkw%26dib_tag%3Dse%26keywords%3Dultrawide%2Bmonitor%26qid%3D1735412126%26sr%3D8-44-spons%26sp_csd%3Dd2lkZ2V0TmFtZT1zcF9tdGY%26psc%3D1
"34 inch Ultrawide Curved Computer Gaming Monitor 165Hz UWQHD 3440x1440,1500R -PIP,1ms (MPRT),HDR, 300nits, sRGB99%,FreeSync,HDMI2.0(TMDS) x2,DP1.4 x2,Eye Care,Support Wallmount 75x75mm",$199.99,5.0 out of 5 stars,8,https://www.amazon.com/Raywego-Ultrawide-Computer-3440x1440-Wallmount/dp/B0DK3NVR1Q/ref=sr_1_45?dib=eyJ2IjoiMSJ9.-eR4Rdun4Yj3C3B_uqpFMcV5SpbdKT2j3Z1lhtHZ-JQtcOButZEzDI8L_M-NH62SHv8VMnaJjz2UJ4HZwMaWMJ8le4VaeDGYXIjOeYuJtP2c7QxaydrK5URWeiKdgHQohi_wYBx7_3qXbiuSepwrP_sDKYWfCR_R60mDf5nCTZpNrpHjo9EQyydtHtmJCHJuvAfsFBk-WUKOjknsVUgcHXsoyAcjd_PMitnFwLAlxjk.o-tMQe3hnLozxXwD1J8PHWR96ryuBU10Sg7O3bexfkw&dib_tag=se&keywords=ultrawide+monitor&qid=1735412126&sr=8-45
"SANSUI 34-Inch Curved Gaming Monitor UWQHD 3440 x 1440 165Hz Curved 1500R - PIP/PBP, 1ms(MPRT), HDR, 300nits, sRGB 125%, DCI-P3 95%,FreeSync,HDMI x2,DP1.4 x2(ES-G34C5 DP Cable Included)",$259.99,4.4 out of 5 stars,"1,639",https://www.amazon.com/SANSUI-34-Inch-Curved-Gaming-Monitor/dp/B0CWQMZPJC/ref=sr_1_46?dib=eyJ2IjoiMSJ9.-eR4Rdun4Yj3C3B_uqpFMcV5SpbdKT2j3Z1lhtHZ-JQtcOButZEzDI8L_M-NH62SHv8VMnaJjz2UJ4HZwMaWMJ8le4VaeDGYXIjOeYuJtP2c7QxaydrK5URWeiKdgHQohi_wYBx7_3qXbiuSepwrP_sDKYWfCR_R60mDf5nCTZpNrpHjo9EQyydtHtmJCHJuvAfsFBk-WUKOjknsVUgcHXsoyAcjd_PMitnFwLAlxjk.o-tMQe3hnLozxXwD1J8PHWR96ryuBU10Sg7O3bexfkw&dib_tag=se&keywords=ultrawide+monitor&qid=1735412126&sr=8-46
LG 34GS95QE 34-inch Ultragear OLED Curved Gaming Monitor WQHD 800R 240Hz 0.03ms DisplayHDR True Black 400 AMD FreeSync Premium Pro NVIDIA G-Sync HDMI 2.1 DisplayPort Tilt/Height/Swivel Stand Black,$897.00,4.3 out of 5 stars,509,https://www.amazon.com/LG-34GS95QE-UltraGear-DisplayHDR-DisplayPort/dp/B0CV27X9K7/ref=sr_1_47?dib=eyJ2IjoiMSJ9.-eR4Rdun4Yj3C3B_uqpFMcV5SpbdKT2j3Z1lhtHZ-JQtcOButZEzDI8L_M-NH62SHv8VMnaJjz2UJ4HZwMaWMJ8le4VaeDGYXIjOeYuJtP2c7QxaydrK5URWeiKdgHQohi_wYBx7_3qXbiuSepwrP_sDKYWfCR_R60mDf5nCTZpNrpHjo9EQyydtHtmJCHJuvAfsFBk-WUKOjknsVUgcHXsoyAcjd_PMitnFwLAlxjk.o-tMQe3hnLozxXwD1J8PHWR96ryuBU10Sg7O3bexfkw&dib_tag=se&keywords=ultrawide+monitor&qid=1735412126&sr=8-47
"Sceptre 30-inch Curved Ultrawide Monitor 2560 x 1080 up to 200Hz DisplayPort HDMI 1ms AMD FreeSync Premium 99% sRGB Picture by Picture/PIP, Build-in Speakers White (C305B-FUN200W)",$225.99,4.6 out of 5 stars,112,https://www.amazon.com/Sceptre-Ultrawide-DisplayPort-FreeSync-C305B-FUN200W/dp/B09KG8D95N/ref=sr_1_48?dib=eyJ2IjoiMSJ9.-eR4Rdun4Yj3C3B_uqpFMcV5SpbdKT2j3Z1lhtHZ-JQtcOButZEzDI8L_M-NH62SHv8VMnaJjz2UJ4HZwMaWMJ8le4VaeDGYXIjOeYuJtP2c7QxaydrK5URWeiKdgHQohi_wYBx7_3qXbiuSepwrP_sDKYWfCR_R60mDf5nCTZpNrpHjo9EQyydtHtmJCHJuvAfsFBk-WUKOjknsVUgcHXsoyAcjd_PMitnFwLAlxjk.o-tMQe3hnLozxXwD1J8PHWR96ryuBU10Sg7O3bexfkw&dib_tag=se&keywords=ultrawide+monitor&qid=1735412126&sr=8-48
"34 inch Ultrawide Curved Computer Gaming Monitor 165Hz UWQHD 3440x1440,1500R -PIP,1ms (MPRT),HDR, 300nits, sRGB99%,FreeSync,HDMI2.0(TMDS) x2,DP1.4 x2,Eye Care,Support Wallmount 75x75mm",$199.99,3.8 out of 5 stars,48,https://www.amazon.com/Sealan-Ultrawide-Computer-3440x1440-Wallmount/dp/B0DCBYNMQV/ref=sr_1_49?dib=eyJ2IjoiMSJ9.-eR4Rdun4Yj3C3B_uqpFMcV5SpbdKT2j3Z1lhtHZ-JQtcOButZEzDI8L_M-NH62SHv8VMnaJjz2UJ4HZwMaWMJ8le4VaeDGYXIjOeYuJtP2c7QxaydrK5URWeiKdgHQohi_wYBx7_3qXbiuSepwrP_sDKYWfCR_R60mDf5nCTZpNrpHjo9EQyydtHtmJCHJuvAfsFBk-WUKOjknsVUgcHXsoyAcjd_PMitnFwLAlxjk.o-tMQe3hnLozxXwD1J8PHWR96ryuBU10Sg7O3bexfkw&dib_tag=se&keywords=ultrawide+monitor&qid=1735412126&sr=8-49
"PHILIPS Evnia 34M2C8600 QD OLED Curved Gaming Monitor, WQHD Resolution, 175Hz, AMD FreeSync Premium Pro, USB-C Docking, Height Adjustable, 4-Year Advance Replacement, Xbox PS5 Switch Compatible",$699.99,4.2 out of 5 stars,51,https://www.amazon.com/PHILIPS-34M2C8600-Resolution-Adjustable-Replacement/dp/B0BV439ZYC/ref=sr_1_50?dib=eyJ2IjoiMSJ9.-eR4Rdun4Yj3C3B_uqpFMcV5SpbdKT2j3Z1lhtHZ-JQtcOButZEzDI8L_M-NH62SHv8VMnaJjz2UJ4HZwMaWMJ8le4VaeDGYXIjOeYuJtP2c7QxaydrK5URWeiKdgHQohi_wYBx7_3qXbiuSepwrP_sDKYWfCR_R60mDf5nCTZpNrpHjo9EQyydtHtmJCHJuvAfsFBk-WUKOjknsVUgcHXsoyAcjd_PMitnFwLAlxjk.o-tMQe3hnLozxXwD1J8PHWR96ryuBU10Sg7O3bexfkw&dib_tag=se&keywords=ultrawide+monitor&qid=1735412126&sr=8-50
"KTC 34 Inch Ultrawide Monitor, 165Hz WQHD 3440X1440 Curved Gaming Monitor, 1500R PC Monitor, HDR, FreeSync & G-Sync, HDMI, DisplayPort, VESA, Tilt Swivel Height Pivot Adjustment, H34S18S",$299.99,4.4 out of 5 stars,163,https://www.amazon.com/KTC-Ultrawide-DisplayPort-Adjustment-H34S18S/dp/B0CT4KKS7N/ref=sr_1_52?dib=eyJ2IjoiMSJ9.-eR4Rdun4Yj3C3B_uqpFMcV5SpbdKT2j3Z1lhtHZ-JQtcOButZEzDI8L_M-NH62SHv8VMnaJjz2UJ4HZwMaWMJ8le4VaeDGYXIjOeYuJtP2c7QxaydrK5URWeiKdgHQohi_wYBx7_3qXbiuSepwrP_sDKYWfCR_R60mDf5nCTZpNrpHjo9EQyydtHtmJCHJuvAfsFBk-WUKOjknsVUgcHXsoyAcjd_PMitnFwLAlxjk.o-tMQe3hnLozxXwD1J8PHWR96ryuBU10Sg7O3bexfkw&dib_tag=se&keywords=ultrawide+monitor&qid=1735412126&sr=8-52
"CRUA 30Inch Ultrawide Curved Monitor, 21:9 WFHD(2560x1080P) VA Computer Monitor, 99% sRGB 100HZ 1500R PC Monitors Support FreeSync, Wall-Mounted, with HDMI/DP Display Port-Black",$169.99,4.3 out of 5 stars,"2,665",https://www.amazon.com/sspa/click?ie=UTF8&spc=MTo0NTMxNjgyMjY4MjA4NDoxNzM1NDEyMTI2OnNwX2J0ZjozMDA2MDI5MzAyNTk0MDI6OjA6Og&url=%2FCRUA-30Inch-Ultrawide-Curved-Monitor%2Fdp%2FB0CYZ5ZX6V%2Fref%3Dsr_1_53_sspa%3Fdib%3DeyJ2IjoiMSJ9.-eR4Rdun4Yj3C3B_uqpFMcV5SpbdKT2j3Z1lhtHZ-JQtcOButZEzDI8L_M-NH62SHv8VMnaJjz2UJ4HZwMaWMJ8le4VaeDGYXIjOeYuJtP2c7QxaydrK5URWeiKdgHQohi_wYBx7_3qXbiuSepwrP_sDKYWfCR_R60mDf5nCTZpNrpHjo9EQyydtHtmJCHJuvAfsFBk-WUKOjknsVUgcHXsoyAcjd_PMitnFwLAlxjk.o-tMQe3hnLozxXwD1J8PHWR96ryuBU10Sg7O3bexfkw%26dib_tag%3Dse%26keywords%3Dultrawide%2Bmonitor%26qid%3D1735412126%26sr%3D8-53-spons%26sp_csd%3Dd2lkZ2V0TmFtZT1zcF9idGY%26psc%3D1
"Single Arm Monitor Mount for 17-45 inches Monitors,Holds 35.2lbs,Heavy Duty Monitor arm with 20 RGB Lighting Effects,Ultrawide Monitor Arm for Curved Flat Monitors, White",$109.99,4.4 out of 5 stars,15,https://www.amazon.com/sspa/click?ie=UTF8&spc=MTo0NTMxNjgyMjY4MjA4NDoxNzM1NDEyMTI2OnNwX2J0ZjozMDA1ODIzNjI2MDkxMDI6OjA6Og&url=%2FARES-WING-Monitors-Lighting-Ultrawide%2Fdp%2FB0DHS136LP%2Fref%3Dsr_1_54_sspa%3Fdib%3DeyJ2IjoiMSJ9.-eR4Rdun4Yj3C3B_uqpFMcV5SpbdKT2j3Z1lhtHZ-JQtcOButZEzDI8L_M-NH62SHv8VMnaJjz2UJ4HZwMaWMJ8le4VaeDGYXIjOeYuJtP2c7QxaydrK5URWeiKdgHQohi_wYBx7_3qXbiuSepwrP_sDKYWfCR_R60mDf5nCTZpNrpHjo9EQyydtHtmJCHJuvAfsFBk-WUKOjknsVUgcHXsoyAcjd_PMitnFwLAlxjk.o-tMQe3hnLozxXwD1J8PHWR96ryuBU10Sg7O3bexfkw%26dib_tag%3Dse%26keywords%3Dultrawide%2Bmonitor%26qid%3D1735412126%26sr%3D8-54-spons%26sp_csd%3Dd2lkZ2V0TmFtZT1zcF9idGY%26psc%3D1
"CRUA 30-inch Gaming Monitor 200HZ, 21:9 WFHD(2560X1080P) Ultrawide Computer Monitor, IPS Screen,100% sRGB, PIP/PBP, HDMI 2.0 & Displayport 1.4,Support FreeSync,Wall Mountable/Tilt Adjustable- Black",$169.99,4.3 out of 5 stars,775,https://www.amazon.com/sspa/click?ie=UTF8&spc=MTo1OTk1NzMxODg3MzEwNDE2OjE3MzU0MTIxMzA6c3BfYXRmX25leHQ6MzAwNDY4NzQyNjkxNDAyOjowOjo&url=%2FCRUA-30-inch-Gaming-Monitor-200HZ%2Fdp%2FB0D9B5T1TT%2Fref%3Dsr_1_49_sspa%3Fdib%3DeyJ2IjoiMSJ9.sIag687LoL6PhfNd7nnc_fXZe0041FF9QRhDt4sLTMECRE3r4m59n65KXF3MdSo10PMuXpnT24Jcc5qzpA_Td6UY35KWi1LAAKEHA9Y6NXIET9TNHEeoNgwkM2TNJhl92jG3ePckrJonSS6quzKq1jzEgkD9SZpQ1iPkLF8axIpyTeEw_liP9dDSXE10ezqJYEzNN1G_p7oox9M_UQZqdMHfRLTPUTHYy_I77WDmpeY.ynNIXAgjw4pgVZ4ruw9AzCY8fOVnlRQCei-BIgds40k%26dib_tag%3Dse%26keywords%3Dultrawide%2Bmonitor%26qid%3D1735412130%26sr%3D8-49-spons%26sp_csd%3Dd2lkZ2V0TmFtZT1zcF9hdGZfbmV4dA%26psc%3D1
"S3 Dual Laptop Screen Extender, 14'' Triple Portable Monitor for Laptop Plug and Play, 1080P FHD IPS Laptop Monitor Extender for 13''-17'' Laptops Compatible with Mac/Wins/Android/Dex",$209.99,5.0 out of 5 stars,5,https://www.amazon.com/sspa/click?ie=UTF8&spc=MTo1OTk1NzMxODg3MzEwNDE2OjE3MzU0MTIxMzA6c3BfYXRmX25leHQ6MzAwNTA2MDk5NTY5NDAyOjowOjo&url=%2FClanor-Extender-Portable-Monitor-Compatible%2Fdp%2FB0DCG1PRRM%2Fref%3Dsr_1_50_sspa%3Fdib%3DeyJ2IjoiMSJ9.sIag687LoL6PhfNd7nnc_fXZe0041FF9QRhDt4sLTMECRE3r4m59n65KXF3MdSo10PMuXpnT24Jcc5qzpA_Td6UY35KWi1LAAKEHA9Y6NXIET9TNHEeoNgwkM2TNJhl92jG3ePckrJonSS6quzKq1jzEgkD9SZpQ1iPkLF8axIpyTeEw_liP9dDSXE10ezqJYEzNN1G_p7oox9M_UQZqdMHfRLTPUTHYy_I77WDmpeY.ynNIXAgjw4pgVZ4ruw9AzCY8fOVnlRQCei-BIgds40k%26dib_tag%3Dse%26keywords%3Dultrawide%2Bmonitor%26qid%3D1735412130%26sr%3D8-50-spons%26sp_csd%3Dd2lkZ2V0TmFtZT1zcF9hdGZfbmV4dA%26psc%3D1
"34 inch Curved Ultrawide Computer Gaming Monitor 165Hz,UWQHD 3440x1440,1500R -PIP,1ms (MPRT),HDR, 300nits, sRGB99%,FreeSync,HDMI2.0(TMDS) x2,DP1.4 x2,Eye Care,VESA,Support Lifting Base",$209.00,4.0 out of 5 stars,94,https://www.amazon.com/Sealan-Ultrawide-Computer-3440x1440-FreeSync/dp/B0CZ3V2LTL/ref=sr_1_52?dib=eyJ2IjoiMSJ9.sIag687LoL6PhfNd7nnc_fXZe0041FF9QRhDt4sLTMECRE3r4m59n65KXF3MdSo10PMuXpnT24Jcc5qzpA_Td6UY35KWi1LAAKEHA9Y6NXIET9TNHEeoNgwkM2TNJhl92jG3ePckrJonSS6quzKq1jzEgkD9SZpQ1iPkLF8axIpyTeEw_liP9dDSXE10ezqJYEzNN1G_p7oox9M_UQZqdMHfRLTPUTHYy_I77WDmpeY.ynNIXAgjw4pgVZ4ruw9AzCY8fOVnlRQCei-BIgds40k&dib_tag=se&keywords=ultrawide+monitor&qid=1735412130&sr=8-52
"34 Inch Ultrawide Curved 144Hz Gaming Computer Monitor 1500R PC Screen 21:9 UWQHD (3440x1440),Adaptive Sync,178° Viewing Angle,HDMI、Display Port,Compatible with Wall mounting - Black",$219.99,4.3 out of 5 stars,546,https://www.amazon.com/Gawfolk-Ultrawide-Curved-Computer-Monitor/dp/B0D1G831F1/ref=sr_1_53?dib=eyJ2IjoiMSJ9.sIag687LoL6PhfNd7nnc_fXZe0041FF9QRhDt4sLTMECRE3r4m59n65KXF3MdSo10PMuXpnT24Jcc5qzpA_Td6UY35KWi1LAAKEHA9Y6NXIET9TNHEeoNgwkM2TNJhl92jG3ePckrJonSS6quzKq1jzEgkD9SZpQ1iPkLF8axIpyTeEw_liP9dDSXE10ezqJYEzNN1G_p7oox9M_UQZqdMHfRLTPUTHYy_I77WDmpeY.ynNIXAgjw4pgVZ4ruw9AzCY8fOVnlRQCei-BIgds40k&dib_tag=se&keywords=ultrawide+monitor&qid=1735412130&sr=8-53
"Z-Edge UG34 34"" Ultrawide 2K Curved Gaming Monitor with 165Hz Refresh Rate, 21:9 Aspect Ratio, 1ms MPRT, 3440x1440 Resolution, 1500R Curvature, VA Panel, 178 Viewing Angles, AMD Freesync",$249.99,4.4 out of 5 stars,538,https://www.amazon.com/Z-Edge-UG34-Ultrawide-Monitor-Refresh/dp/B0CR45VFTG/ref=sr_1_54?dib=eyJ2IjoiMSJ9.sIag687LoL6PhfNd7nnc_fXZe0041FF9QRhDt4sLTMECRE3r4m59n65KXF3MdSo10PMuXpnT24Jcc5qzpA_Td6UY35KWi1LAAKEHA9Y6NXIET9TNHEeoNgwkM2TNJhl92jG3ePckrJonSS6quzKq1jzEgkD9SZpQ1iPkLF8axIpyTeEw_liP9dDSXE10ezqJYEzNN1G_p7oox9M_UQZqdMHfRLTPUTHYy_I77WDmpeY.ynNIXAgjw4pgVZ4ruw9AzCY8fOVnlRQCei-BIgds40k&dib_tag=se&keywords=ultrawide+monitor&qid=1735412130&sr=8-54
"acer Nitro 34"" UWQHD 3440 x 1440 1000R Curved PC Gaming Monitor | AMD FreeSync Premium | 240Hz Refresh | Up to 0.5ms | AdobeRGB 90% | HDR 10 | 1 x DP 1.4 & 2 x HDMI 2.1 | EDA343CUR Xbmiippx",$399.99,4.5 out of 5 stars,537,https://www.amazon.com/acer-FreeSync-AdobeRGB-EDA343CUR-Xbmiippx/dp/B0D2LV8LT5/ref=sr_1_55?dib=eyJ2IjoiMSJ9.sIag687LoL6PhfNd7nnc_fXZe0041FF9QRhDt4sLTMECRE3r4m59n65KXF3MdSo10PMuXpnT24Jcc5qzpA_Td6UY35KWi1LAAKEHA9Y6NXIET9TNHEeoNgwkM2TNJhl92jG3ePckrJonSS6quzKq1jzEgkD9SZpQ1iPkLF8axIpyTeEw_liP9dDSXE10ezqJYEzNN1G_p7oox9M_UQZqdMHfRLTPUTHYy_I77WDmpeY.ynNIXAgjw4pgVZ4ruw9AzCY8fOVnlRQCei-BIgds40k&dib_tag=se&keywords=ultrawide+monitor&qid=1735412130&sr=8-55
"34 Inch Ultrawide Curved 120Hz Gaming Computer Monitor 1500R PC Screen 21:9 UWQHD (3440x1440),Freesync,178° Viewing Angle,HDMI、Display Port,Compatible with Wall mounting 75×75MM- Black",$199.99,4.3 out of 5 stars,186,https://www.amazon.com/Gawfolk-Ultrawide-Curved-Computer-Monitor/dp/B0DFGSYJ95/ref=sr_1_57?dib=eyJ2IjoiMSJ9.sIag687LoL6PhfNd7nnc_fXZe0041FF9QRhDt4sLTMECRE3r4m59n65KXF3MdSo10PMuXpnT24Jcc5qzpA_Td6UY35KWi1LAAKEHA9Y6NXIET9TNHEeoNgwkM2TNJhl92jG3ePckrJonSS6quzKq1jzEgkD9SZpQ1iPkLF8axIpyTeEw_liP9dDSXE10ezqJYEzNN1G_p7oox9M_UQZqdMHfRLTPUTHYy_I77WDmpeY.ynNIXAgjw4pgVZ4ruw9AzCY8fOVnlRQCei-BIgds40k&dib_tag=se&keywords=ultrawide+monitor&qid=1735412130&sr=8-57
"34 Inch Ultrawide Curved Gaming Monitor, 1500R PC Screen 165hz UWQHD 3440x1440, Curved Computer Screen with FreeSync,Multi-Directional Adjustable Base",$259.99,4.2 out of 5 stars,730,https://www.amazon.com/Gawfolk-Ultrawide-3440x1440-Multi-Directional-Adjustable/dp/B0DCHZ8TDK/ref=sr_1_58?dib=eyJ2IjoiMSJ9.sIag687LoL6PhfNd7nnc_fXZe0041FF9QRhDt4sLTMECRE3r4m59n65KXF3MdSo10PMuXpnT24Jcc5qzpA_Td6UY35KWi1LAAKEHA9Y6NXIET9TNHEeoNgwkM2TNJhl92jG3ePckrJonSS6quzKq1jzEgkD9SZpQ1iPkLF8axIpyTeEw_liP9dDSXE10ezqJYEzNN1G_p7oox9M_UQZqdMHfRLTPUTHYy_I77WDmpeY.ynNIXAgjw4pgVZ4ruw9AzCY8fOVnlRQCei-BIgds40k&dib_tag=se&keywords=ultrawide+monitor&qid=1735412130&sr=8-58
"16"" Portable Monitor, 1920 * 1200P IPS Laptop Monitor with USB-C, Freesync HDMI Gaming Monitor Featuring a Kickstand, Available in Four Colors, 0.3"" Ultra-Slim for Travel and Office Use",$119.99,4.7 out of 5 stars,59,https://www.amazon.com/sspa/click?ie=UTF8&spc=MTo1OTk1NzMxODg3MzEwNDE2OjE3MzU0MTIxMzA6c3BfbXRmOjMwMDQ4NDAwNDc5MjkwMjo6MDo6&url=%2FVeout-Featuring-Kickstand-Available-Ultra-Slim%2Fdp%2FB0D95QBPSM%2Fref%3Dsr_1_59_sspa%3Fdib%3DeyJ2IjoiMSJ9.sIag687LoL6PhfNd7nnc_fXZe0041FF9QRhDt4sLTMECRE3r4m59n65KXF3MdSo10PMuXpnT24Jcc5qzpA_Td6UY35KWi1LAAKEHA9Y6NXIET9TNHEeoNgwkM2TNJhl92jG3ePckrJonSS6quzKq1jzEgkD9SZpQ1iPkLF8axIpyTeEw_liP9dDSXE10ezqJYEzNN1G_p7oox9M_UQZqdMHfRLTPUTHYy_I77WDmpeY.ynNIXAgjw4pgVZ4ruw9AzCY8fOVnlRQCei-BIgds40k%26dib_tag%3Dse%26keywords%3Dultrawide%2Bmonitor%26qid%3D1735412130%26sr%3D8-59-spons%26sp_csd%3Dd2lkZ2V0TmFtZT1zcF9tdGY%26psc%3D1
"34 Inch Ultrawide Curved 144Hz Gaming Computer Monitor 1500R PC Screen、21:9 UWQHD (3440x1440),Adaptive Sync,178° Viewing Angle,Display Port、HDMI,Compatible with Wall mounting - Black",$219.99,4.3 out of 5 stars,186,https://www.amazon.com/sspa/click?ie=UTF8&spc=MTo1OTk1NzMxODg3MzEwNDE2OjE3MzU0MTIxMzA6c3BfbXRmOjMwMDUxMjEwNTg1NjAwMjo6MDo6&url=%2FGawfolk-Ultrawide-Computer-Monitor-Screen%25E3%2580%258121%2Fdp%2FB0DFGZ4B5N%2Fref%3Dsr_1_60_sspa%3Fdib%3DeyJ2IjoiMSJ9.sIag687LoL6PhfNd7nnc_fXZe0041FF9QRhDt4sLTMECRE3r4m59n65KXF3MdSo10PMuXpnT24Jcc5qzpA_Td6UY35KWi1LAAKEHA9Y6NXIET9TNHEeoNgwkM2TNJhl92jG3ePckrJonSS6quzKq1jzEgkD9SZpQ1iPkLF8axIpyTeEw_liP9dDSXE10ezqJYEzNN1G_p7oox9M_UQZqdMHfRLTPUTHYy_I77WDmpeY.ynNIXAgjw4pgVZ4ruw9AzCY8fOVnlRQCei-BIgds40k%26dib_tag%3Dse%26keywords%3Dultrawide%2Bmonitor%26qid%3D1735412130%26sr%3D8-60-spons%26sp_csd%3Dd2lkZ2V0TmFtZT1zcF9tdGY%26psc%3D1
"Sceptre Curved 27-inch Gaming Monitor 1500R 100Hz HDMI X2 DisplayPort 1ms 100% sRGB, Build-in Speakers Machine Black 2024 (C275W-FW100T)",$99.97,4.6 out of 5 stars,"23,409",https://www.amazon.com/Sceptre-27-inch-DisplayPort-Speakers-C275W-FW100T/dp/B0D2JM3NQG/ref=sr_1_61?dib=eyJ2IjoiMSJ9.sIag687LoL6PhfNd7nnc_fXZe0041FF9QRhDt4sLTMECRE3r4m59n65KXF3MdSo10PMuXpnT24Jcc5qzpA_Td6UY35KWi1LAAKEHA9Y6NXIET9TNHEeoNgwkM2TNJhl92jG3ePckrJonSS6quzKq1jzEgkD9SZpQ1iPkLF8axIpyTeEw_liP9dDSXE10ezqJYEzNN1G_p7oox9M_UQZqdMHfRLTPUTHYy_I77WDmpeY.ynNIXAgjw4pgVZ4ruw9AzCY8fOVnlRQCei-BIgds40k&dib_tag=se&keywords=ultrawide+monitor&qid=1735412130&sr=8-61
"SAMSUNG 32"" Odyssey Neo G8 4K UHD 240Hz 1ms G-Sync 1000R Curved Gaming Monitor, Quantum HDR2000, AMD FreeSync Premium Pro, Matte Display, Ultrawide Game View, DisplayPort, Black & White, 2022",$703.31,3.9 out of 5 stars,"1,138",https://www.amazon.com/SAMSUNG-Odyssey-FreeSync-Ultrawide-DisplayPort/dp/B09ZH3WM47/ref=sr_1_62?dib=eyJ2IjoiMSJ9.sIag687LoL6PhfNd7nnc_fXZe0041FF9QRhDt4sLTMECRE3r4m59n65KXF3MdSo10PMuXpnT24Jcc5qzpA_Td6UY35KWi1LAAKEHA9Y6NXIET9TNHEeoNgwkM2TNJhl92jG3ePckrJonSS6quzKq1jzEgkD9SZpQ1iPkLF8axIpyTeEw_liP9dDSXE10ezqJYEzNN1G_p7oox9M_UQZqdMHfRLTPUTHYy_I77WDmpeY.ynNIXAgjw4pgVZ4ruw9AzCY8fOVnlRQCei-BIgds40k&dib_tag=se&keywords=ultrawide+monitor&qid=1735412130&sr=8-62
"Gigastone 27 inch IPS LED Back Light Monitor 2-Pack 75Hz FHD 1920 x 1080, 178° Wide View Frameless, Dual Monitor, 5ms, Built-in Speakers, Eye Care Technology, Ergonomic Tilt VESA Mount, HDMI VGA",$249.99,4.5 out of 5 stars,52,https://www.amazon.com/Gigastone-Frameless-Speakers-Technology-Ergonomic/dp/B0CG6MYDSK/ref=sr_1_63?dib=eyJ2IjoiMSJ9.sIag687LoL6PhfNd7nnc_fXZe0041FF9QRhDt4sLTMECRE3r4m59n65KXF3MdSo10PMuXpnT24Jcc5qzpA_Td6UY35KWi1LAAKEHA9Y6NXIET9TNHEeoNgwkM2TNJhl92jG3ePckrJonSS6quzKq1jzEgkD9SZpQ1iPkLF8axIpyTeEw_liP9dDSXE10ezqJYEzNN1G_p7oox9M_UQZqdMHfRLTPUTHYy_I77WDmpeY.ynNIXAgjw4pgVZ4ruw9AzCY8fOVnlRQCei-BIgds40k&dib_tag=se&keywords=ultrawide+monitor&qid=1735412130&sr=8-63
"MSI MAG345CQR, 34-inch UWQHD 3440 x 1440 Computer Monitor, 180Hz, HDMI, 1ms, Black",$259.99,3.6 out of 5 stars,21,https://www.amazon.com/MSI-MAG345CQR-34-inch-Computer-Monitor/dp/B0CY78HJL4/ref=sr_1_64?dib=eyJ2IjoiMSJ9.sIag687LoL6PhfNd7nnc_fXZe0041FF9QRhDt4sLTMECRE3r4m59n65KXF3MdSo10PMuXpnT24Jcc5qzpA_Td6UY35KWi1LAAKEHA9Y6NXIET9TNHEeoNgwkM2TNJhl92jG3ePckrJonSS6quzKq1jzEgkD9SZpQ1iPkLF8axIpyTeEw_liP9dDSXE10ezqJYEzNN1G_p7oox9M_UQZqdMHfRLTPUTHYy_I77WDmpeY.ynNIXAgjw4pgVZ4ruw9AzCY8fOVnlRQCei-BIgds40k&dib_tag=se&keywords=ultrawide+monitor&qid=1735412130&sr=8-64
"INNOCN 29C1F-D 29"" Ultrawide Monitor USB Type C 21:9 IPS Display WFHD 2560 x 1080P 350Nits 99% sRGB DP HDMI Computer Monitor, 75Hz, Split Screen, Height/Pivot Adjustable, Wall Mountable",$239.99,4.1 out of 5 stars,745,https://www.amazon.com/INNOCN-Ultrawide-Monitor-USB-Type/dp/B0B5ZNVXTS/ref=sr_1_65?dib=eyJ2IjoiMSJ9.sIag687LoL6PhfNd7nnc_fXZe0041FF9QRhDt4sLTMECRE3r4m59n65KXF3MdSo10PMuXpnT24Jcc5qzpA_Td6UY35KWi1LAAKEHA9Y6NXIET9TNHEeoNgwkM2TNJhl92jG3ePckrJonSS6quzKq1jzEgkD9SZpQ1iPkLF8axIpyTeEw_liP9dDSXE10ezqJYEzNN1G_p7oox9M_UQZqdMHfRLTPUTHYy_I77WDmpeY.ynNIXAgjw4pgVZ4ruw9AzCY8fOVnlRQCei-BIgds40k&dib_tag=se&keywords=ultrawide+monitor&qid=1735412130&sr=8-65
"34 Inch UltraWide Curved Gaming Monitor, WQHD 3440x1440p 165Hz Monitor, HVA Panel, 1500R Curvature Monitor, sRGB 100%, HDR 300, FREESYNC, Height/Tilt/Swivel Adjustable Stand, HDMI/DisplayPort",$229.99,4.6 out of 5 stars,22,https://www.amazon.com/CUNPU-UltraWide-3440x1440p-Adjustable-DisplayPort/dp/B0DCJGXRYN/ref=sr_1_67?dib=eyJ2IjoiMSJ9.sIag687LoL6PhfNd7nnc_fXZe0041FF9QRhDt4sLTMECRE3r4m59n65KXF3MdSo10PMuXpnT24Jcc5qzpA_Td6UY35KWi1LAAKEHA9Y6NXIET9TNHEeoNgwkM2TNJhl92jG3ePckrJonSS6quzKq1jzEgkD9SZpQ1iPkLF8axIpyTeEw_liP9dDSXE10ezqJYEzNN1G_p7oox9M_UQZqdMHfRLTPUTHYy_I77WDmpeY.ynNIXAgjw4pgVZ4ruw9AzCY8fOVnlRQCei-BIgds40k&dib_tag=se&keywords=ultrawide+monitor&qid=1735412130&sr=8-67
"Ultrawide Monitor Mount with USB A/C, Ultrawide Monitor Arm with Extended Column for 17 to 49 inch Heavy Duty Monitor, Holds 44 lbs, Adjustable Gas Spring Monitor Arm Desk Mount, White",$119.99,4.7 out of 5 stars,14,https://www.amazon.com/sspa/click?ie=UTF8&spc=MTo1OTk1NzMxODg3MzEwNDE2OjE3MzU0MTIxMzA6c3BfYnRmOjMwMDUwOTg3NDUwMjkwMjo6MDo6&url=%2FARES-WING-Ultrawide-Extended-Adjustable%2Fdp%2FB0DFGZ75GS%2Fref%3Dsr_1_69_sspa%3Fdib%3DeyJ2IjoiMSJ9.sIag687LoL6PhfNd7nnc_fXZe0041FF9QRhDt4sLTMECRE3r4m59n65KXF3MdSo10PMuXpnT24Jcc5qzpA_Td6UY35KWi1LAAKEHA9Y6NXIET9TNHEeoNgwkM2TNJhl92jG3ePckrJonSS6quzKq1jzEgkD9SZpQ1iPkLF8axIpyTeEw_liP9dDSXE10ezqJYEzNN1G_p7oox9M_UQZqdMHfRLTPUTHYy_I77WDmpeY.ynNIXAgjw4pgVZ4ruw9AzCY8fOVnlRQCei-BIgds40k%26dib_tag%3Dse%26keywords%3Dultrawide%2Bmonitor%26qid%3D1735412130%26sr%3D8-69-spons%26sp_csd%3Dd2lkZ2V0TmFtZT1zcF9idGY%26psc%3D1
"32-inch PC Screen,2K QHD(2560×1440P),165Hz Curved Gaming Monitor, 1ms，FreeSync, 98% sRGB，178° Wide Viewing Angle，DisplayPort、HDMI, Wall Mount Compatible 100 * 100MM Wall - Black",$189.99,4.3 out of 5 stars,546,https://www.amazon.com/sspa/click?ie=UTF8&spc=MTo1OTk1NzMxODg3MzEwNDE2OjE3MzU0MTIxMzA6c3BfYnRmOjMwMDM4NDc3NTM0MjEwMjo6MDo6&url=%2FGawfolk-2560%25C3%25971440P-1ms%25EF%25BC%258CFreeSync-Angle%25EF%25BC%258CDisplayPort%25E3%2580%2581HDMI-Compatible%2Fdp%2FB0D8GWDNQN%2Fref%3Dsr_1_70_sspa%3Fdib%3DeyJ2IjoiMSJ9.sIag687LoL6PhfNd7nnc_fXZe0041FF9QRhDt4sLTMECRE3r4m59n65KXF3MdSo10PMuXpnT24Jcc5qzpA_Td6UY35KWi1LAAKEHA9Y6NXIET9TNHEeoNgwkM2TNJhl92jG3ePckrJonSS6quzKq1jzEgkD9SZpQ1iPkLF8axIpyTeEw_liP9dDSXE10ezqJYEzNN1G_p7oox9M_UQZqdMHfRLTPUTHYy_I77WDmpeY.ynNIXAgjw4pgVZ4ruw9AzCY8fOVnlRQCei-BIgds40k%26dib_tag%3Dse%26keywords%3Dultrawide%2Bmonitor%26qid%3D1735412130%26sr%3D8-70-spons%26sp_csd%3Dd2lkZ2V0TmFtZT1zcF9idGY%26psc%3D1
